{"tenantKey":"tgz3h4ydol","moduleEcodeMap":"{\"weaver-ebuilder-app-service\":{\"09D3C9A9DCE44A7A9FF74438B816A3F4\":\"1037192352451862528\",\"1037355367910416396\":\"09D3C9A9DCE44A7A9FF74438B816A3F4\"}}","tokenKey":"c8d3b698a2c78b8e04da308a4d08b52e","lowBaseVersion":"","exportTime":"2024-08-27 11:08:50","subModuleOldExport":"{}","appType":"INTERNAL","appId":"1035921991320059906","databaseId":"mysql","normalAppBaseVersion":"10.0.2407.01","sysVersion":"{\"version\":\"10.0.2407.01\",\"remindDay\":7,\"companyName\":\"E10TEST\",\"crmId\":7828013997715295675}","ietype":"ebuilder","exportIdIetype":"{\"1035921991320059906\":\"ebuilder\"}","appName":"三维楼宇","ip":"127.0.0.1","employeeId":"1037104851217358853","userName":"sysadmin","homologyMarkerField":"{\"1035921991320059906\":\"1035921991320059906\"}","subHomologyMarkerField":"{}","delvelopInfo":"","subModuleDetail":"{}","exportType":"complete","lowServiceVersion":"","serviceList":"[\"weaver-edcreportd-service\",\"weaver-esb-setting-service\",\"weaver-edcapp-service\",\"weaver-ebuilder-designer-service\",\"weaver-ebuilder-app-service\",\"weaver-ebuilder-form-service\",\"weaver-ebuilder-page-service\"]","ietypeModuleDetailMap":"{}","device":"Mozilla/5.0 (Macintosh; Intel Mac OS X 10_15_7) AppleWebKit/537.36 (KHTML, like Gecko) Chrome/128.0.0.0 Safari/537.36 Edg/128.0.0.0","taskId":"1037355316555358212","app_environment":""}