[{"businessModuleGroup":"multi_report","businessType":"base_info","columnCache":"id","deleteType":0,"eId":"edc_multi_report","enableUpdate":"1","foreginKey":"app_id=$appid$;group_id=$ebdf_wf_group.id$","iOrder":"461","id":595,"ieType":"ebuilder,eb_edcapp","isMustHandle":"1","moduleName":"weaver-edcapp-service","optType":1,"primaryKey":"id","primaryKeyRule":"","reverseForeignKey":"title","schemaStorage":"edcapp","services":"weaver-edcapp-service","tableNames":"edc_multi_report","whereCondition":"app_id=$appid$"},{"businessModuleGroup":"multi_report","businessType":"base_info","cacheColumnConvertRule":"node_data~auth_role:[0-9]{19}|[0-9]{18}","columnCache":"id,node_data","deleteType":0,"deleteTypeColumn":"","eId":"edc_multi_report_node","enableUpdate":"1","foreginKey":"report_id=$edc_multi_report.id$","iOrder":"462","id":596,"ieType":"ebuilder,eb_edcapp","jsonPriColumn":"node_data=ebdf_obj+edc_report_dev+form_layout_multiple+edc_system_dataset_dev+form_field+sub_form+auth_role","moduleName":"weaver-edcapp-service","optType":1,"primaryKey":"id","primaryKeyRule":"","reverseForeignKey":"report_id~edc_multi_report.title","schemaStorage":"edcapp","services":"weaver-edcapp-service","specFiled":"node_data","tableNames":"edc_multi_report_node","whereCondition":"report_id in $edc_multi_report.id$"},{"businessModuleGroup":"multi_report","businessType":"base_info","columnCache":"id","deleteType":0,"deleteTypeColumn":"","eId":"edc_multi_report_node_modify","enableUpdate":"1","foreginKey":"report_id=$edc_multi_report.id$","iOrder":"463","id":597,"ieType":"ebuilder,eb_edcapp","isMustHandle":"","jsonPriColumn":"node_data=ebdf_obj+edc_report_dev+form_layout_multiple+edc_system_dataset_dev+form_field+sub_form","moduleName":"weaver-edcapp-service","optType":1,"primaryKey":"id","primaryKeyRule":"","reverseForeignKey":"title","schemaStorage":"edcapp","services":"weaver-edcapp-service","specFiled":"node_data","tableNames":"edc_multi_report_node_modify","whereCondition":"report_id in $edc_multi_report.id$"},{"businessModuleGroup":"multi_report","businessType":"base_info","columnCache":"id","deleteType":0,"deleteTypeColumn":"","eId":"edc_multi_report_edge","enableUpdate":"","foreginKey":"report_id=$edc_multi_report.id$;edge_source=$edc_multi_report_node.id$;target=$edc_multi_report_node.id$","iOrder":"464","id":598,"ieType":"ebuilder,eb_edcapp","isMustHandle":"","moduleName":"weaver-edcapp-service","optType":1,"primaryKey":"id","primaryKeyRule":"","reverseForeignKey":"report_id~edc_multi_report.title","schemaStorage":"edcapp","services":"weaver-edcapp-service","tableNames":"edc_multi_report_edge","whereCondition":"report_id in $edc_multi_report.id$"},{"businessModuleGroup":"multi_report","businessType":"base_info","deleteType":0,"deleteTypeColumn":"","eId":"edc_multi_report_edge_modify","enableUpdate":"","foreginKey":"report_id=$edc_multi_report.id$;edge_source=$edc_multi_report_node_modify.id$;target=$edc_multi_report_node_modify.id$","iOrder":"465","id":599,"ieType":"ebuilder,eb_edcapp","isMustHandle":"","moduleName":"weaver-edcapp-service","optType":1,"primaryKey":"id","primaryKeyRule":"","reverseForeignKey":"report_id~edc_multi_report.title","schemaStorage":"edcapp","services":"weaver-edcapp-service","tableNames":"edc_multi_report_edge_modify","whereCondition":"report_id in $edc_multi_report.id$"},{"columnCache":"id,target_id","deleteType":0,"eId":"edc_multi_report_ph_launch","foreginKey":"source_id=$edc_multi_report.id$;target_id=$auth_role.id$","iOrder":"466","id":600,"ieType":"ebuilder,eb_edcapp","moduleName":"weaver-edcapp-service","optType":1,"primaryKey":"id","primaryKeyRule":"","reverseForeignKey":"source_id~edc_multi_report.id|title","schemaStorage":"edcapp","services":"weaver-edcapp-service","tableNames":"edc_multi_report_ph_launch","whereCondition":"source_id in $edc_multi_report.id$"},{"columnCache":"id,target_id","deleteType":0,"eId":"edc_multi_report_ph_monitor","foreginKey":"source_id=$appid$;target_id=$auth_role.id$","iOrder":"467","id":601,"ieType":"ebuilder,eb_edcapp","moduleName":"weaver-edcapp-service","optType":1,"primaryKey":"id","primaryKeyRule":"","schemaStorage":"edcapp","services":"weaver-edcapp-service","tableNames":"edc_multi_report_ph_monitor","whereCondition":"source_id=$appid$"},{"businessModuleGroup":"multi_report","businessType":"base_info","deleteType":0,"eId":"edc_multi_report_setting","enableUpdate":"1","foreginKey":"report_id=$edc_multi_report.id$","iOrder":"468","id":602,"ieType":"ebuilder,eb_edcapp","isMustHandle":"","moduleName":"weaver-edcapp-service","optType":1,"primaryKey":"id","primaryKeyRule":"","reverseForeignKey":"report_id~edc_multi_report.title","schemaStorage":"edcapp","services":"weaver-edcapp-service","tableNames":"edc_multi_report_setting","whereCondition":"report_id in $edc_multi_report.id$"},{"businessModuleGroup":"multi_report","businessType":"task_info","columnCache":"id","deleteType":0,"deleteTypeColumn":"","eId":"edc_multi_report_task","enableUpdate":"1","foreginKey":"report_id=$edc_multi_report.id$","iOrder":"469","id":603,"ieType":"ebuilder,eb_edcapp","isMustHandle":"","moduleName":"weaver-edcapp-service","optType":1,"primaryKey":"id","primaryKeyRule":"","reverseForeignKey":"report_id~edc_multi_report.title","schemaStorage":"edcapp","services":"weaver-edcapp-service","tableNames":"edc_multi_report_task","whereCondition":"report_id in $edc_multi_report.id$"},{"businessModuleGroup":"multi_report","businessType":"task_info","columnCache":"id","deleteType":0,"deleteTypeColumn":"","eId":"edc_multi_task_node","enableUpdate":"1","foreginKey":"node_id=$edc_multi_report_node.id$;task_id=$edc_multi_report_task.id$","iOrder":"470","id":604,"ieType":"ebuilder,eb_edcapp","isMustHandle":"","jsonPriColumn":"node_data=ebdf_obj+edc_report_dev+form_layout_multiple+edc_system_dataset_dev+form_field+sub_form+auth_role","moduleName":"weaver-edcapp-service","optType":1,"primaryKey":"id","primaryKeyRule":"","reverseForeignKey":"task_id~edc_multi_task_execution.task_id|node_title","schemaStorage":"edcapp","services":"weaver-edcapp-service","specFiled":"node_data","tableNames":"edc_multi_task_node","whereCondition":"task_id in $edc_multi_report_task.id$"},{"businessModuleGroup":"multi_report","businessType":"task_info","deleteType":0,"deleteTypeColumn":"","eId":"edc_multi_task_edge","enableUpdate":"","foreginKey":"edge_id=$edc_multi_report_edge.id$;task_id=$edc_multi_report_task.id$;edge_source=$edc_multi_task_node.id$;target=$edc_multi_task_node.id$","iOrder":"471","id":605,"ieType":"ebuilder,eb_edcapp","isMustHandle":"","moduleName":"weaver-edcapp-service","optType":1,"primaryKey":"id","primaryKeyRule":"","reverseForeignKey":"task_id~edc_multi_report_task.report_id~edc_multi_report.title","schemaStorage":"edcapp","services":"weaver-edcapp-service","tableNames":"edc_multi_task_edge","whereCondition":"task_id in $edc_multi_report_task.id$"},{"businessModuleGroup":"multi_report","businessType":"task_info","columnCache":"id","deleteType":0,"deleteTypeColumn":"is_delete","eId":"edc_multi_task_execution","enableUpdate":"1","foreginKey":"task_id=$edc_multi_report_task.id$;node_id=$edc_multi_task_node.id$;dataId=$ebdf_data.id|ebdf_physical_data.id$","iOrder":"472","id":606,"ieType":"ebuilder,eb_edcapp","isMustHandle":"","moduleName":"weaver-edcapp-service","optType":1,"primaryKey":"id","primaryKeyRule":"","reverseForeignKey":"task_id~edc_multi_report_task.report_id~edc_multi_report.title","schemaStorage":"edcapp","services":"weaver-edcapp-service","tableNames":"edc_multi_task_execution","whereCondition":"task_id in $edc_multi_report_task.id$"},{"businessModuleGroup":"multi_report","businessType":"task_info","columnCache":"id,target_id","deleteType":0,"eId":"edc_multi_task_execution_ph_ec","enableUpdate":"","foreginKey":"source_id=$edc_multi_task_execution.id$;target_id=$auth_role.id$","iOrder":"473","id":607,"ieType":"ebuilder,eb_edcapp","isMustHandle":"","moduleName":"weaver-edcapp-service","optType":1,"primaryKey":"id","primaryKeyRule":"","reverseForeignKey":"source_id~edc_multi_task_execution.id|task_id~edc_multi_report_task.id|report_id~edc_multi_report.id|title","schemaStorage":"edcapp","services":"weaver-edcapp-service","tableNames":"edc_multi_task_execution_ph_ec","whereCondition":"source_id in $edc_multi_task_execution.id$"},{"businessModuleGroup":"multi_report","businessType":"task_info","deleteType":0,"deleteTypeColumn":"","eId":"edc_multi_execution_config","enableUpdate":"1","foreginKey":"execution_id=$edc_multi_task_execution.id$;task_id=$edc_multi_report_task.id$;task_node_id=$edc_multi_task_node.id$;form_id=$ebdf_obj.id|edc_report_dev.id$;layout_id=$form_layout_multiple.id|edc_system_dataset_dev.id$","iOrder":"474","id":608,"ieType":"ebuilder,eb_edcapp","isMustHandle":"","jsonPriColumn":"summary_setting=ebdf_obj+edc_report_dev+form_layout_multiple+edc_system_dataset_dev+form_field+sub_form","moduleName":"weaver-edcapp-service","optType":1,"primaryKey":"id","primaryKeyRule":"","reverseForeignKey":"task_id~edc_multi_report_task.report_id~edc_multi_report.title","schemaStorage":"edcapp","services":"weaver-edcapp-service","specFiled":"summary_setting","tableNames":"edc_multi_execution_config","whereCondition":"execution_id in $edc_multi_task_execution.id$"},{"columnCache":"id","deleteType":0,"desc":"填报角色表","eId":"auth_role","existUpdate":"1","foreginKey":"","iOrder":"999992","id":999992,"ieType":"ebuilder,eb_edcapp","moduleName":"weaver-edcapp-service","optType":1,"primaryKey":"id","schemaStorage":"eteams","services":"weaver-authority","sqlTablePrefix":"eteams.","tableNames":"auth_role","whereCondition":"id in $edc_multi_report_ph_launch.target_id#edc_multi_report_ph_monitor.target_id#edc_multi_task_execution_ph_ec.target_id#edc_multi_report_node.node_data~auth_role$ and role_code is not null"},{"columnCache":"id","deleteType":0,"deleteTypeColumn":"NO","desc":"填报角色权限表","eId":"auth_role_permission_set","existUpdate":"1","foreginKey":"role_id = $auth_role.id$","iOrder":"999993","id":999993,"ieType":"ebuilder,eb_edcapp","moduleName":"weaver-edcapp-service","optType":1,"primaryKey":"id","primaryKeyRule":"negative_idgenerator","schemaStorage":"eteams","services":"weaver-authority","sqlTablePrefix":"eteams.","tableNames":"auth_role_permission_set","whereCondition":"role_id in $auth_role.id$"}]